{
	"offset": [1071.093000, 1273.697000],
	"right": [23.300000, 0.200000],
	"down": [-0.400000, 23.300000]
}
