{
	"offset": [1071.093000, 1272.697000],
	"right": [23.300000, 0.420000],
	"down": [-0.400000, 23.300000]
}
